{
  "49-037-21883 (LEWIS)": {
    "Na+": 0.653065,
    "K+": 0.014977,
    "Mg+2": 0.00695,
    "Ca+2": 0.089484,
    "Cl-": 0.849071,
    "SO4-2": 0.00065,
    "HCO3-": 0.010839,
    "CO3-2": 0.0
  },
  "49-037-20446 (ALMOND)": {
    "Na+": 0.302391,
    "K+": 0.001604,
    "Mg+2": 0.000499,
    "Ca+2": 0.000126,
    "Cl-": 0.156953,
    "SO4-2": 0.0,
    "HCO3-": 0.107883,
    "CO3-2": 0.02023
  },
  "49-037-20702 (ALMOND)": {
    "Na+": 0.07943,
    "K+": 0.001385,
    "Mg+2": 0.000607,
    "Ca+2": 0.009907,
    "Cl-": 0.095053,
    "SO4-2": 0.0,
    "HCO3-": 0.006818,
    "CO3-2": 0.0
  },
  "49-037-20985 (MESAVERDE)": {
    "Na+": 0.299473,
    "K+": 0.009744,
    "Mg+2": 0.000611,
    "Ca+2": 0.003871,
    "Cl-": 0.305034,
    "SO4-2": 6.3e-05,
    "HCO3-": 0.013134,
    "CO3-2": 0.0
  },
  "49-037-21075 (MESAVERDE)": {
    "Na+": 0.111374,
    "K+": 0.005958,
    "Mg+2": 0.000124,
    "Ca+2": 0.000601,
    "Cl-": 0.054185,
    "SO4-2": 0.000146,
    "HCO3-": 0.037948,
    "CO3-2": 0.003614
  },
  "49-037-20744 (ALMOND)": {
    "Na+": 0.115281,
    "K+": 0.002182,
    "Mg+2": 0.001776,
    "Ca+2": 0.000827,
    "Cl-": 0.076772,
    "SO4-2": 0.000219,
    "HCO3-": 0.023692,
    "CO3-2": 0.001004
  },
  "49-037-21192 (ALMOND)": {
    "Na+": 0.451329,
    "K+": 0.021837,
    "Mg+2": 0.00156,
    "Ca+2": 0.010654,
    "Cl-": 0.474536,
    "SO4-2": 3.2e-05,
    "HCO3-": 0.023169,
    "CO3-2": 0.0
  },
  "49-037-20832 (NUGGET)": {
    "Na+": 1.0832,
    "K+": 0.061092,
    "Mg+2": 0.007478,
    "Ca+2": 0.009329,
    "Cl-": 1.113274,
    "SO4-2": 0.025299,
    "HCO3-": 0.014536,
    "CO3-2": 0.0
  },
  "49-037-20784 (ALMOND)": {
    "Na+": 0.250029,
    "K+": 0.004565,
    "Mg+2": 0.000539,
    "Ca+2": 0.001359,
    "Cl-": 0.178421,
    "SO4-2": 0.000126,
    "HCO3-": 0.041732,
    "CO3-2": 0.00121
  },
  "49-037-20867 (MESAVERDE)": {
    "Na+": 0.265408,
    "K+": 0.011335,
    "Mg+2": 0.000249,
    "Ca+2": 0.005189,
    "Cl-": 0.27339,
    "SO4-2": 0.0,
    "HCO3-": 0.014328,
    "CO3-2": 0.0
  },
  "49-037-20785 (ALMOND)": {
    "Na+": 0.091425,
    "K+": 0.007445,
    "Mg+2": 2.4e-05,
    "Ca+2": 0.000496,
    "Cl-": 0.063709,
    "SO4-2": 4.2e-05,
    "HCO3-": 0.036126,
    "CO3-2": 0.0
  },
  "49-037-20764 (ALMOND-ERICKSON)": {
    "Na+": 0.238918,
    "K+": 0.001959,
    "Mg+2": 0.000207,
    "Ca+2": 0.003571,
    "Cl-": 0.187382,
    "SO4-2": 0.000126,
    "HCO3-": 0.025998,
    "CO3-2": 0.001008
  },
  "49-037-20921 (LEWIS)": {
    "Na+": 0.23615,
    "K+": 0.010191,
    "Mg+2": 0.000291,
    "Ca+2": 0.001485,
    "Cl-": 0.210571,
    "SO4-2": 0.000441,
    "HCO3-": 0.03771,
    "CO3-2": 0.000403
  },
  "49-037-05466 (WASATCH)": {
    "Na+": 1.272043,
    "K+": 0.0,
    "Mg+2": 0.00579,
    "Ca+2": 0.010196,
    "Cl-": 1.246841,
    "SO4-2": 0.007575,
    "HCO3-": 0.0,
    "CO3-2": 0.0
  },
  "49-037-05443 (WASATCH)": {
    "Na+": 0.019721,
    "K+": 0.0,
    "Mg+2": 4.1e-05,
    "Ca+2": 0.000125,
    "Cl-": 0.001581,
    "SO4-2": 9.4e-05,
    "HCO3-": 0.017814,
    "CO3-2": 0.0
  },
  "49-037-20948 (MADISON)": {
    "Na+": 0.530769,
    "K+": 0.045875,
    "Mg+2": 0.035533,
    "Ca+2": 0.161554,
    "Cl-": 0.962957,
    "SO4-2": 0.000904,
    "HCO3-": 0.006332,
    "CO3-2": 0.0
  },
  "49-037-05418 (MESAVERDE)": {
    "Na+": 0.681107,
    "K+": 0.0,
    "Mg+2": 0.010263,
    "Ca+2": 0.006224,
    "Cl-": 0.628667,
    "SO4-2": 0.023413,
    "HCO3-": 0.03567,
    "CO3-2": 0.0
  },
  "49-037-05446 (ALMOND)": {
    "Na+": 0.672578,
    "K+": 0.0,
    "Mg+2": 0.002946,
    "Ca+2": 0.003318,
    "Cl-": 0.672202,
    "SO4-2": 0.00017,
    "HCO3-": 0.012472,
    "CO3-2": 0.0
  },
  "49-037-05447 (FOX HILLS)": {
    "Na+": 0.964352,
    "K+": 0.0,
    "Mg+2": 0.005568,
    "Ca+2": 0.00866,
    "Cl-": 0.976187,
    "SO4-2": 0.000215,
    "HCO3-": 0.01053,
    "CO3-2": 0.002978
  },
  "49-037-20332 (MESAVERDE)": {
    "Na+": 0.122767,
    "K+": 0.000771,
    "Mg+2": 0.001075,
    "Ca+2": 0.003109,
    "Cl-": 0.076527,
    "SO4-2": 0.000261,
    "HCO3-": 0.052431,
    "CO3-2": 0.001206
  },
  "49-037-21414 (ALMOND)": {
    "Na+": 0.425609,
    "K+": 0.0146,
    "Mg+2": 0.001335,
    "Ca+2": 0.010044,
    "Cl-": 0.367887,
    "SO4-2": 0.000116,
    "HCO3-": 0.020274,
    "CO3-2": 0.000203
  },
  "49-037-21311 (ALMOND)": {
    "Na+": 0.333608,
    "K+": 0.021298,
    "Mg+2": 0.001332,
    "Ca+2": 0.010553,
    "Cl-": 0.333746,
    "SO4-2": 0.000126,
    "HCO3-": 0.014775,
    "CO3-2": 0.0
  },
  "49-037-20799 (ALMOND)": {
    "Na+": 0.144949,
    "K+": 0.006686,
    "Mg+2": 0.001013,
    "Ca+2": 0.00223,
    "Cl-": 0.131882,
    "SO4-2": 0.000272,
    "HCO3-": 0.025732,
    "CO3-2": 0.0
  },
  "49-037-21114 (NUGGET)": {
    "Na+": 0.046671,
    "K+": 0.003946,
    "Mg+2": 0.00305,
    "Ca+2": 0.00235,
    "Cl-": 0.053695,
    "SO4-2": 0.00025,
    "HCO3-": 0.004811,
    "CO3-2": 0.001202
  },
  "49-037-21430 (MESAVERDE)": {
    "Na+": 0.148351,
    "K+": 0.000977,
    "Mg+2": 0.000152,
    "Ca+2": 0.000659,
    "Cl-": 0.101373,
    "SO4-2": 0.0045,
    "HCO3-": 0.040198,
    "CO3-2": 0.000201
  },
  "49-037-20846 (ALMOND)": {
    "Na+": 0.290961,
    "K+": 0.003334,
    "Mg+2": 0.000208,
    "Ca+2": 0.00058,
    "Cl-": 0.136332,
    "SO4-2": 8.4e-05,
    "HCO3-": 0.107475,
    "CO3-2": 0.004243
  },
  "49-037-21252 (ERICKSON)": {
    "Na+": 0.326497,
    "K+": 0.009911,
    "Mg+2": 0.000816,
    "Ca+2": 0.0051,
    "Cl-": 0.312527,
    "SO4-2": 0.000105,
    "HCO3-": 0.033582,
    "CO3-2": 0.001012
  },
  "49-037-21220 (ERICKSON)": {
    "Na+": 0.274374,
    "K+": 0.007928,
    "Mg+2": 0.000611,
    "Ca+2": 0.003868,
    "Cl-": 0.270583,
    "SO4-2": 0.000999,
    "HCO3-": 0.018775,
    "CO3-2": 0.0
  },
  "49-037-21274 (ALMOND)": {
    "Na+": 0.124622,
    "K+": 0.016585,
    "Mg+2": 0.00304,
    "Ca+2": 0.044592,
    "Cl-": 0.226883,
    "SO4-2": 0.000209,
    "HCO3-": 0.009247,
    "CO3-2": 0.0
  },
  "49-037-20330 (MESAVERDE)": {
    "Na+": 0.212942,
    "K+": 0.002809,
    "Mg+2": 0.001285,
    "Ca+2": 0.005832,
    "Cl-": 0.210314,
    "SO4-2": 0.0,
    "HCO3-": 0.019748,
    "CO3-2": 0.0
  },
  "49-037-21235 (ERICKSON)": {
    "Na+": 0.21953,
    "K+": 0.15421,
    "Mg+2": 0.004756,
    "Ca+2": 0.005971,
    "Cl-": 0.37187,
    "SO4-2": 0.002154,
    "HCO3-": 0.019262,
    "CO3-2": 0.0
  },
  "49-037-20955 (MESAVERDE)": {
    "Na+": 0.309169,
    "K+": 0.005999,
    "Mg+2": 0.001373,
    "Ca+2": 0.004339,
    "Cl-": 0.290913,
    "SO4-2": 0.0,
    "HCO3-": 0.035775,
    "CO3-2": 0.0
  },
  "49-037-05804 (MESAVERDE)": {
    "Na+": 1.28524,
    "K+": 0.0,
    "Mg+2": 0.021092,
    "Ca+2": 0.017457,
    "Cl-": 1.204101,
    "SO4-2": 0.067738,
    "HCO3-": 0.020816,
    "CO3-2": 0.0
  },
  "49-037-20794 (ERICKSON)": {
    "Na+": 0.183916,
    "K+": 0.005511,
    "Mg+2": 0.000659,
    "Ca+2": 0.001725,
    "Cl-": 0.154789,
    "SO4-2": 9.4e-05,
    "HCO3-": 0.039256,
    "CO3-2": 0.0
  },
  "49-037-21053 (ALMOND)": {
    "Na+": 0.365732,
    "K+": 0.010546,
    "Mg+2": 0.000511,
    "Ca+2": 0.003574,
    "Cl-": 0.350089,
    "SO4-2": 2.1e-05,
    "HCO3-": 0.032816,
    "CO3-2": 0.00081
  },
  "49-037-21146 (ERICKSON)": {
    "Na+": 0.162587,
    "K+": 0.097072,
    "Mg+2": 0.049461,
    "Ca+2": 0.102649,
    "Cl-": 0.559004,
    "SO4-2": 0.002316,
    "HCO3-": 0.000398,
    "CO3-2": 0.0
  },
  "49-037-20854 (MESAVERDE)": {
    "Na+": 0.075108,
    "K+": 0.003538,
    "Mg+2": 0.000454,
    "Ca+2": 0.002031,
    "Cl-": 0.062215,
    "SO4-2": 0.005322,
    "HCO3-": 0.010824,
    "CO3-2": 0.0
  },
  "49-037-21755 (ALMOND)": {
    "Na+": 0.096483,
    "K+": 0.129761,
    "Mg+2": 0.006609,
    "Ca+2": 0.005084,
    "Cl-": 0.241855,
    "SO4-2": 0.002573,
    "HCO3-": 0.002824,
    "CO3-2": 0.0
  },
  "49-037-21196 (ALMOND)": {
    "Na+": 0.153833,
    "K+": 0.003651,
    "Mg+2": 0.000912,
    "Ca+2": 0.003142,
    "Cl-": 0.157405,
    "SO4-2": 0.0,
    "HCO3-": 0.008242,
    "CO3-2": 0.0
  },
  "49-037-20774 (MESAVERDE)": {
    "Na+": 0.39788,